station_code,station_name,mode,annual_traffic,crowd_density_score,infrastructure_score,vulnerability_score,threat_score,threat_level,is_major_hub
KXXu,King's Cross St. Pancras,LU,1583739.08928571,99.76689976689977,30,15.0,100.0,HIGH,1
TCRu,Tottenham Court Road,LU,1274379.83333333,99.3006993006993,30,15.0,99.60334774503194,HIGH,1
SFDu,Stratford,LU,1144201.5813492,98.36829836829837,30,15.0,98.81004323509579,HIGH,1
OXCu,Oxford Circus,LU,1091978.54166666,98.13519813519814,30,15.0,98.61171710761177,HIGH,1
BDSu,Bond Street,LU,844220.664285714,97.66899766899768,30,15.0,98.21506485264369,HIGH,1
BNKu,Bank and Monument,LU,822789.583333333,97.43589743589743,30,15.0,98.01673872515964,HIGH,1
GPKu,Green Park,LU,638608.041666666,96.73659673659674,30,15.0,97.42176034270756,HIGH,1
LSQu,Leicester Square,LU,565880.468939393,96.03729603729604,30,15.0,96.82678196025545,HIGH,1
BSTu,Baker Street,LU,470662.832142857,95.33799533799534,30,15.0,96.23180357780335,HIGH,1
FPKu,Finsbury Park,LU,435796.269841269,94.4055944055944,30,15.0,95.4384990678672,HIGH,1
WMSu,Westminster,LU,402626.249999999,93.93939393939394,30,15.0,95.04184681289914,HIGH,1
CLJr,Clapham Junction,LO,274845.666666666,88.34498834498834,30,25.0,93.68529610090832,HIGH,1
WLOu,Waterloo LU,LU,1589208.20053571,100.0,0,15.0,84.88358256316687,HIGH,0
VICu,Victoria LU,LU,1287229.85833333,99.53379953379954,0,15.0,84.48693030819881,HIGH,0
LSTu,Liverpool Street LU,LU,1256736.65674603,99.06759906759906,0,15.0,84.09027805323073,HIGH,0
LONu,London Bridge LU,LU,1188796.11309523,98.83449883449883,0,15.0,83.89195192574668,HIGH,0
PADu,Paddington TfL,LU,1157602.98255616,98.6013986013986,0,15.0,83.69362579826266,HIGH,0
FARu,Farringdon,LU,847297.917929292,97.9020979020979,0,15.0,83.09864741581056,HIGH,0
EUSu,Euston LU,LU,681612.385714285,97.2027972027972,0,15.0,82.50366903335845,HIGH,0
CWFu,Canary Wharf LU,LU,681399.472835497,96.96969696969697,0,15.0,82.30534290587443,HIGH,0
SKNu,South Kensington,LU,605324.865250631,96.5034965034965,0,15.0,81.90869065090635,HIGH,0
PICu,Piccadilly Circus,LU,584960.309523809,96.27039627039628,0,15.0,81.71036452342231,HIGH,0
LSTr,Liverpool Street NR,LO,340758.181970491,91.84149184149184,0,25.0,81.3454444488517,HIGH,0
MGTu,Moorgate,LU,553078.196428571,95.8041958041958,0,15.0,81.31371226845424,HIGH,0
NOGu,North Greenwich,LU,487281.0,95.57109557109557,0,15.0,81.11538614097022,HIGH,0
HMDu,Hammersmith (DIS),LU,461682.733333333,95.1048951048951,0,15.0,80.71873388600214,HIGH,0
VUXu,Vauxhall LU,LU,454667.547619047,94.87179487179486,0,15.0,80.5204077585181,HIGH,0
CWXr,Canary Wharf EL,EZL,365657.177142857,92.77389277389277,0,20.0,80.4371107849748,HIGH,0
BRXu,Brixton LU,LU,439260.166666666,94.63869463869464,0,15.0,80.32208163103408,HIGH,0
HOLu,Holborn,LU,427968.536424229,94.17249417249417,0,15.0,79.925429376066,HIGH,0
ABWr,Abbey Wood,EZL,340812.166666666,92.07459207459208,0,20.0,79.84213240252271,HIGH,0
CTNu,Camden Town,LU,385338.392857142,93.7062937062937,0,15.0,79.52877712109793,HIGH,0
WCLu,Whitechapel,LU,375414.238095238,93.47319347319348,0,15.0,79.3304509936139,HIGH,0
BKGu,Barking,LU,374369.839588383,93.24009324009323,0,15.0,79.13212486612984,HIGH,0
EMBu,Embankment,LU,369031.066666666,93.00699300699301,0,15.0,78.93379873864583,HIGH,0
WIMu,Wimbledon,LU,357274.192240486,92.54079254079254,0,15.0,78.53714648367776,HIGH,0
EBYu,Ealing Broadway,LU,350756.165763763,92.3076923076923,0,15.0,78.33882035619372,HIGH,0
ECTu,Earl's Court,LU,340596.966666666,91.6083916083916,0,15.0,77.74384197374161,HIGH,0
OLDu,Old Street,LU,339553.875,91.37529137529138,0,15.0,77.5455158462576,HIGH,0
WWCr,Woolwich EL,EZL,285899.372635352,89.27738927738928,0,20.0,77.46221887271429,HIGH,0
WPKu,Wembley Park,LU,339382.275,91.14219114219114,0,15.0,77.34718971877355,HIGH,0
CHXu,Charing Cross LU,LU,338978.483333333,90.9090909090909,0,15.0,77.14886359128951,HIGH,0
THLu,Tower Hill,LU,336690.624999999,90.67599067599068,0,15.0,76.95053746380547,HIGH,0
HBYu,Highbury & Islington,LU,308951.073809523,90.44289044289044,0,15.0,76.75221133632145,MEDIUM,0
WSTu,Warren Street,LU,303434.44047619,90.20979020979021,0,15.0,76.55388520883741,MEDIUM,0
KNBu,Knightsbridge,LU,292887.466666666,89.97668997668997,0,15.0,76.35555908135338,MEDIUM,0
SSQu,Sloane Square,LU,292394.075,89.74358974358975,0,15.0,76.15723295386935,MEDIUM,0
CAWd,Canary Wharf DLR,DLR,237681.94625,85.54778554778555,0,25.0,75.99063900678276,MEDIUM,0
ELEu,Elephant & Castle LU,LU,290216.266666666,89.5104895104895,0,15.0,75.9589068263853,MEDIUM,0
TTHu,Tottenham Hale LU,LU,284353.333333333,89.04428904428904,0,15.0,75.56225457141724,MEDIUM,0
COVu,Covent Garden,LU,277570.183333333,88.81118881118881,0,15.0,75.3639284439332,MEDIUM,0
WALu,Walthamstow Central,LU,276003.291666666,88.57808857808858,0,15.0,75.16560231644918,MEDIUM,0
SBCu,Shepherd's Bush LU,LU,272038.8,88.11188811188812,0,15.0,74.7689500614811,MEDIUM,0
NHGu,Notting Hill Gate,LU,263506.625,87.87878787878788,0,15.0,74.57062393399706,MEDIUM,0
TBYu,Tooting Broadway,LU,260976.257142857,87.64568764568764,0,15.0,74.37229780651303,MEDIUM,0
SVSu,Seven Sisters,LU,260971.148268398,87.41258741258741,0,15.0,74.173971679029,MEDIUM,0
ANGu,Angel,LU,260457.9,87.17948717948718,0,15.0,73.97564555154497,MEDIUM,0
HXXr,Heathrow Terminals 2 & 3 EL,EZL,231289.201365815,85.08158508158508,0,20.0,73.89234857800166,MEDIUM,0
CNTu,Canning Town,LU,259119.341269841,86.94638694638695,0,15.0,73.77731942406093,MEDIUM,0
ALEu,Aldgate East,LU,252900.55,86.7132867132867,0,15.0,73.57899329657688,MEDIUM,0
ESQu,Euston Square,LU,251776.741666666,86.48018648018649,0,15.0,73.38066716909286,MEDIUM,0
IFDr,Ilford,EZL,224533.72380792,84.38228438228438,0,20.0,73.29737019554956,MEDIUM,0
GRDu,Gloucester Road,LU,246956.291666666,86.24708624708624,0,15.0,73.18234104160882,MEDIUM,0
RMDu,Richmond,LU,245846.455581889,86.01398601398601,0,15.0,72.98401491412478,MEDIUM,0
UPKu,Upton Park,LU,241331.154825513,85.78088578088578,0,15.0,72.78568878664076,MEDIUM,0
MLEu,Mile End,LU,231569.771428571,85.3146853146853,0,15.0,72.38903653167267,MEDIUM,0
RMFr,Romford,EZL,205555.461904761,82.98368298368298,0,20.0,72.10741343064535,MEDIUM,0
BLFu,Blackfriars LU,LU,228795.616666666,84.84848484848484,0,15.0,71.99238427670461,MEDIUM,0
EHMu,East Ham,LU,228269.863492063,84.61538461538461,0,15.0,71.79405814922058,MEDIUM,0
SJPu,St James's Park,LU,217016.833333333,84.14918414918415,0,15.0,71.39740589425251,MEDIUM,0
BALu,Balham LU,LU,210263.173809523,83.91608391608392,0,15.0,71.19907976676848,MEDIUM,0
HAYr,Hayes & Harlington,EZL,189499.921489446,81.81818181818183,0,20.0,71.1157827932252,MEDIUM,0
HSTu,High Street Kensington,LU,209406.625,83.68298368298368,0,15.0,71.00075363928443,MEDIUM,0
CWRu,Canada Water,LU,208373.56547619,83.44988344988346,0,15.0,70.80242751180042,MEDIUM,0
CUSr,Custom House EL,EZL,187967.979999999,81.35198135198135,0,20.0,70.71913053825712,MEDIUM,0
BNGu,Bethnal Green LU,LU,207735.017857142,83.21678321678321,0,15.0,70.60410138431637,MEDIUM,0
HMSu,Hammersmith (H&C),LU,203777.752380952,82.75058275058275,0,15.0,70.2074491293483,MEDIUM,0
BHRu,Blackhorse Road,LU,194359.188888888,82.51748251748252,0,15.0,70.00912300186427,MEDIUM,0
STPu,St Paul's,LU,193457.961904761,82.28438228438229,0,15.0,69.81079687438023,MEDIUM,0
BPSu,Battersea Power Station,LU,189588.661904761,82.05128205128204,0,15.0,69.6124707468962,MEDIUM,0
MARu,Marble Arch,LU,188865.128571428,81.58508158508158,0,15.0,69.21581849192813,MEDIUM,0
SWKu,Southwark,LU,186862.883333333,81.11888111888112,0,15.0,68.81916623696006,MEDIUM,0
WGNu,Wood Green,LU,184639.584415584,80.88578088578089,0,15.0,68.62084010947602,MEDIUM,0
SPBr,Shepherd's Bush NR,LO,154202.130133805,76.68997668997669,0,25.0,68.45424616238944,MEDIUM,0
LEYu,Leyton,LU,183847.275598145,80.65268065268066,0,15.0,68.422513981992,MEDIUM,0
LEWd,Lewisham DLR,DLR,152648.231001904,76.45687645687646,0,25.0,68.2559200349054,MEDIUM,0
RSQu,Russell Square,LU,183591.779761904,80.41958041958041,0,15.0,68.22418785450795,MEDIUM,0
STLr,Southall,EZL,167174.049411,78.32167832167832,0,20.0,68.14089088096466,MEDIUM,0
GREd,Greenwich,DLR,151035.354285714,76.22377622377621,0,25.0,68.05759390742135,MEDIUM,0
MYBu,Marylebone LU,LU,181907.9,80.1864801864802,0,15.0,68.02586172702392,MEDIUM,0
HWVr,Heathrow Terminal 5 EL,EZL,167020.193565103,78.08857808857809,0,20.0,67.94256475348062,MEDIUM,0
CYLu,Chancery Lane,LU,178963.819047619,79.95337995337995,0,15.0,67.82753559953989,MEDIUM,0
MORu,Morden,LU,178602.116666666,79.72027972027972,0,15.0,67.62920947205585,MEDIUM,0
HOHu,Harrow-on-the-Hill,LU,177378.471428571,79.48717948717949,0,15.0,67.43088334457181,MEDIUM,0
WHDu,West Hampstead LU,LU,173064.61449468,79.25407925407926,0,15.0,67.23255721708779,MEDIUM,0
TEMu,Temple,LU,169366.285714285,79.02097902097903,0,15.0,67.03423108960375,MEDIUM,0
SDCr,Shoreditch High Street,LO,139840.385207497,74.82517482517483,0,25.0,66.86763714251715,MEDIUM,0
WCTu,White City,LU,167888.30595238,78.78787878787878,0,15.0,66.83590496211971,MEDIUM,0
PMRr,Peckham Rye,LO,138170.607830531,74.5920745920746,0,25.0,66.66931101503313,MEDIUM,0
TPLu,Turnpike Lane,LU,167682.733333333,78.55477855477857,0,15.0,66.63757883463568,MEDIUM,0
WOAd,Woolwich Arsenal,DLR,136878.573055555,74.35897435897436,0,25.0,66.4709848875491,MEDIUM,0
WFJr,Watford Junction,LO,136533.832,74.12587412587412,0,25.0,66.27265876006504,MEDIUM,0
CPCu,Clapham Common,LU,166759.202380952,77.85547785547784,0,15.0,66.04260045218356,MEDIUM,0
PIMu,Pimlico,LU,157374.904761904,77.62237762237763,0,15.0,65.84427432469954,MEDIUM,0
FRDu,Finchley Road,LU,156104.157575757,77.3892773892774,0,15.0,65.6459481972155,MEDIUM,0
STKu,Stockwell,LU,156051.428571428,77.15617715617715,0,15.0,65.44762206973147,MEDIUM,0
ALDu,Aldgate,LU,155819.202380952,76.92307692307693,0,15.0,65.24929594224744,MEDIUM,0
CUSd,Cutty Sark,DLR,125508.83625,72.49417249417249,0,25.0,64.88437586767681,MEDIUM,0
ARCu,Archway,LU,150613.417857142,75.990675990676,0,15.0,64.4559914323113,MEDIUM,0
HNDu,Hendon Central,LU,150572.155844155,75.75757575757575,0,15.0,64.25766530482726,MEDIUM,0
LIMd,Limehouse DLR,DLR,123902.902666666,71.56177156177156,0,25.0,64.09107135774067,MEDIUM,0
BERu,Bermondsey,LU,150254.281818181,75.52447552447552,0,15.0,64.05933917734322,MEDIUM,0
LYSu,Leytonstone,LU,146899.523809523,75.29137529137529,0,15.0,63.86101304985918,MEDIUM,0
FBYu,Fulham Broadway,LU,141457.198809523,75.05827505827506,0,15.0,63.66268692237516,MEDIUM,0
SHAd,Shadwell DLR,DLR,122246.914999999,70.62937062937063,0,25.0,63.297766847804525,MEDIUM,0
CPSu,Clapham South,LU,135681.613636363,73.89277389277389,0,15.0,62.67105628495497,MEDIUM,0
MAIr,Maidenhead,EZL,123976.199333333,71.7948717948718,0,20.0,62.58775931141168,MEDIUM,0
DMKr,Denmark Hill,LO,118748.008669698,69.6969696969697,0,25.0,62.5044623378684,MEDIUM,0
TBEu,Tooting Bec,LU,133858.703571428,73.65967365967366,0,15.0,62.47273015747095,MEDIUM,0
GGRu,Golders Green,LU,128197.475108225,73.42657342657343,0,15.0,62.274404029986904,MEDIUM,0
SJWu,St John's Wood,LU,126663.986291486,73.1934731934732,0,15.0,62.07607790250288,MEDIUM,0
LGRu,Ladbroke Grove,LU,125863.033333333,72.96037296037296,0,15.0,61.877751775018844,MEDIUM,0
EPYu,East Putney,LU,125519.958333333,72.72727272727273,0,15.0,61.67942564753481,MEDIUM,0
DLKr,Dalston Kingsland,LO,114230.166666666,68.53146853146853,0,25.0,61.512831700448224,MEDIUM,0
NACu,North Acton,LU,125383.273809523,72.26107226107226,0,15.0,61.28277339256674,MEDIUM,0
HRCu,Heathrow Terminals 123 LU,LU,124004.45,72.02797202797203,0,15.0,61.084447265082694,MEDIUM,0
HKCr,Hackney Central,LO,113535.733333333,67.83216783216784,0,25.0,60.91785331799612,MEDIUM,0
FOGr,Forest Gate,EZL,118747.366522366,69.46386946386947,0,20.0,60.60449803657134,MEDIUM,0
QWYu,Queensway,LU,123328.066666666,71.32867132867133,0,15.0,60.489468882630604,MEDIUM,0
MNRu,Manor House,LU,123158.309523809,71.0955710955711,0,15.0,60.291142755146566,MEDIUM,0
ERDu,Edgware Road (DIS),LU,122398.642135642,70.86247086247086,0,15.0,60.09281662766253,MEDIUM,0
SLOr,Slough,EZL,115441.410785714,68.76456876456876,0,20.0,60.00951965411924,MEDIUM,0
GPSu,Great Portland Street,LU,121516.233333333,70.3962703962704,0,15.0,59.69616437269446,MEDIUM,0
WLGu,Willesden Green,LU,119177.398809523,70.16317016317016,0,15.0,59.497838245210424,MEDIUM,0
HEQd,Heron Quays,DLR,110008.732166666,65.96736596736596,0,25.0,59.33124429812383,MEDIUM,0
PGRu,Parsons Green,LU,119012.534848484,69.93006993006993,0,15.0,59.299512117726394,MEDIUM,0
DLJr,Dalston Junction,LO,108118.314285714,65.26806526806527,0,25.0,58.73626591567174,MEDIUM,0
BCTu,Barons Court,LU,117565.952380952,69.23076923076923,0,15.0,58.704533735274275,MEDIUM,0
SWCu,Swiss Cottage,LU,115447.178571428,68.997668997669,0,15.0,58.50620760779025,MEDIUM,0
KILu,Kilburn,LU,114028.282142857,68.29836829836829,0,15.0,57.91122922533813,MEDIUM,0
CLWu,Colliers Wood,LU,113671.685714285,68.06526806526807,0,15.0,57.71290309785412,MEDIUM,0
EFYu,East Finchley,LU,113076.321428571,67.5990675990676,0,15.0,57.31625084288604,MEDIUM,0
WHMu,West Ham,LU,112662.88095238,67.36596736596736,0,15.0,57.117924715402005,MEDIUM,0
STGu,Stepney Green,LU,111866.822510822,67.13286713286713,0,15.0,56.919598587917974,MEDIUM,0
GSTu,Goodge Street,LU,111652.166666666,66.8997668997669,0,15.0,56.72127246043394,MEDIUM,0
UXBu,Uxbridge,LU,111502.799999999,66.66666666666666,0,15.0,56.5229463329499,MEDIUM,0
OVLu,Oval,LU,111091.179761904,66.43356643356644,0,15.0,56.32462020546587,MEDIUM,0
BARu,Barbican,LU,110428.275,66.2004662004662,0,15.0,56.12629407798183,MEDIUM,0
BPKu,Belsize Park,LU,108208.249999999,65.73426573426573,0,15.0,55.729641823013765,MEDIUM,0
NXGr,New Cross Gate,LO,97662.4479353956,61.53846153846154,0,25.0,55.56304787592718,MEDIUM,0
HRDu,Holloway Road,LU,108175.035714285,65.5011655011655,0,15.0,55.53131569552973,MEDIUM,0
WDLu,Wood Lane,LU,106744.571428571,65.03496503496503,0,15.0,55.134663440561646,MEDIUM,0
FYCu,Finchley Central,LU,106419.752778823,64.80186480186481,0,15.0,54.93633731307763,MEDIUM,0
CPNu,Clapham North,LU,106315.662698412,64.56876456876456,0,15.0,54.738011185593585,MEDIUM,0
HAWu,Harrow & Wealdstone,LU,105595.663862157,64.33566433566433,0,15.0,54.539685058109555,MEDIUM,0
SFSu,Southfields,LU,105480.966666666,64.1025641025641,0,15.0,54.34135893062552,MEDIUM,0
WBTu,West Brompton,LU,104257.158855263,63.86946386946387,0,15.0,54.14303280314149,MEDIUM,0
ACTu,Acton Town,LU,103928.985714285,63.63636363636363,0,15.0,53.944706675657436,MEDIUM,0
TGRu,Turnham Green,LU,103253.716666666,63.4032634032634,0,15.0,53.74638054817341,MEDIUM,0
WHDr,West Hampstead LO,LO,90784.9,59.20745920745921,0,25.0,53.57978660108683,MEDIUM,0
CHFu,Chalk Farm,LU,101511.35,63.17016317016317,0,15.0,53.548054420689375,MEDIUM,0
SQEr,Surrey Quays,LO,90267.1666666666,58.97435897435898,0,25.0,53.38146047360279,MEDIUM,0
PUTu,Putney Bridge,LU,101501.644444444,62.93706293706294,0,15.0,53.349728293205345,MEDIUM,0
WEMu,Wembley Central,LU,101388.829004329,62.7039627039627,0,15.0,53.15140216572131,MEDIUM,0
HMNr,Homerton,LO,89463.8166666666,58.5081585081585,0,25.0,52.98480821863472,MEDIUM,0
KENu,Kennington,LU,101328.949206349,62.47086247086248,0,15.0,52.95307603823728,MEDIUM,0
DGHu,Dagenham Heathway,LU,101032.314285714,62.23776223776224,0,15.0,52.75474991075324,MEDIUM,0
WESd,Westferry,DLR,89112.8139999999,58.04195804195804,0,25.0,52.58815596366665,MEDIUM,0
TPKu,Tufnell Park,LU,100924.049999999,62.004662004662,0,15.0,52.55642378326921,MEDIUM,0
CTHr,Chadwell Heath,EZL,94404.5363636363,59.90675990675991,0,20.0,52.47312680972591,MEDIUM,0
GHLu,Gants Hill,LU,100240.714285714,61.771561771561764,0,15.0,52.358097655785166,MEDIUM,0
CUHd,Custom House DLR,DLR,88595.5769999999,57.57575757575758,0,25.0,52.19150370869858,MEDIUM,0
QPKu,Queen's Park,LU,97425.9571428571,61.3053613053613,0,15.0,51.9614454008171,MEDIUM,0
NWDr,Norwood Jn,LO,87965.4311666666,57.10955710955711,0,25.0,51.79485145373051,MEDIUM,0
BURu,Burnt Oak,LU,96342.4444444444,61.07226107226107,0,15.0,51.76311927333307,MEDIUM,0
UPMu,Upminster,LU,96143.9386348851,60.83916083916085,0,15.0,51.564793145849045,MEDIUM,0
GMYr,Goodmayes,EZL,89991.15,58.74125874125874,0,20.0,51.48149617230574,MEDIUM,0
SOQd,South Quay,DLR,87611.5990909091,56.64335664335665,0,25.0,51.39819919876244,MEDIUM,0
PLWu,Plaistow,LU,95712.446031746,60.60606060606061,0,15.0,51.366467018365,MEDIUM,0
EDRr,Edmonton Green,LO,87119.8478161027,56.41025641025641,0,25.0,51.19987307127841,MEDIUM,0
HIGu,Highgate,LU,95349.2619047619,60.37296037296037,0,15.0,51.168140890880956,MEDIUM,0
EAId,East India,DLR,86352.0524999999,56.17715617715617,0,25.0,51.001546943794374,MEDIUM,0
WJNu,Willesden Junction,LU,94624.5568181818,60.13986013986013,0,15.0,50.969814763396926,MEDIUM,0
CMDr,Camden Road,LO,85684.2904761904,55.71095571095571,0,25.0,50.604894688826306,MEDIUM,0
WFDu,Woodford,LU,94335.3119047619,59.67365967365967,0,15.0,50.57316250842886,MEDIUM,0
MANu,Mansion House,LU,92388.75,59.44055944055944,0,15.0,50.37483638094482,MEDIUM,0
FOHr,Forest Hill,LO,84705.6418847834,55.24475524475524,0,25.0,50.20824243385823,MEDIUM,0
BWRu,Bow Road,LU,89320.0194444444,58.27505827505828,0,15.0,49.38320574352466,MEDIUM,0
LAPd,Langdon Park,DLR,83280.1059999999,54.07925407925408,0,25.0,49.21661179643805,MEDIUM,0
BGRu,Bounds Green,LU,88617.2738095238,57.80885780885781,0,15.0,48.98655348855658,MEDIUM,0
CSTu,Cannon Street LU,LU,88425.1166666666,57.34265734265735,0,15.0,48.58990123358852,MEDIUM,0
NHTu,Northolt,LU,87944.7713964462,56.87645687645687,0,15.0,48.19324897862044,MEDIUM,0
WCYr,West Croydon NR,LO,80456.1842778592,51.981351981351985,0,25.0,47.43167664908176,MEDIUM,0
BORu,Borough,LU,85780.2083333333,55.94405594405595,0,15.0,47.39994446868431,MEDIUM,0
MNPr,Manor Park,EZL,83181.5571428571,53.84615384615385,0,20.0,47.31664749514101,MEDIUM,0
STId,Stratford International DLR,DLR,80053.848,51.515151515151516,0,25.0,47.035024394113684,MEDIUM,0
SWFu,South Woodford,LU,85306.2952380952,55.47785547785548,0,15.0,47.003292213716236,MEDIUM,0
MYLr,Maryland,EZL,81216.4428571428,53.14685314685315,0,20.0,46.72166911268891,MEDIUM,0
NIEu,Nine Elms,LU,84487.1785714285,55.011655011655016,0,15.0,46.60663995874817,MEDIUM,0
HMPu,Hampstead,LU,84431.1904761904,54.77855477855478,0,15.0,46.40831383126413,MEDIUM,0
TWYr,Twyford,EZL,80792.8389819505,52.680652680652685,0,20.0,46.32501685772084,MEDIUM,0
EUSr,Euston NR,LO,78517.3680908299,50.58275058275058,0,25.0,46.241719884177535,MEDIUM,0
HRVu,Heathrow Terminal 5 LU,LU,84122.1666666666,54.54545454545454,0,15.0,46.209987703780094,MEDIUM,0
SVKr,Seven Kings,EZL,80738.2375541125,52.44755244755245,0,20.0,46.1266907302368,MEDIUM,0
BCYr,Brockley,LO,78410.2978254064,50.349650349650354,0,25.0,46.04339375669351,MEDIUM,0
SGTu,Southgate,LU,83748.5952380952,54.312354312354316,0,15.0,46.01166157629606,MEDIUM,0
SDEr,Shadwell LO,LO,76524.4880952381,49.883449883449885,0,25.0,45.646741501725444,MEDIUM,0
EDGu,Edgware,LU,82715.3996753246,53.613053613053616,0,15.0,45.41668319384396,MEDIUM,0
HKWr,Hackney Wick,LO,76311.6519038315,49.417249417249415,0,25.0,45.25008924675737,MEDIUM,0
WKNu,West Kensington,LU,81920.5666666666,53.379953379953385,0,15.0,45.21835706635993,MEDIUM,0
KBYu,Kingsbury,LU,81166.7833333333,52.91375291375291,0,15.0,44.82170481139185,MEDIUM,0
BBBu,Bromley-by-Bow,LU,80574.5277777777,52.21445221445221,0,15.0,44.22672642893974,MEDIUM,0
HOXr,Hoxton,LO,73343.4642857142,47.785547785547784,0,25.0,43.86180635436913,MEDIUM,0
WBPu,Westbourne Park,LU,80412.0916666666,51.74825174825175,0,15.0,43.83007417397168,MEDIUM,0
LCAd,London City Airport,DLR,73186.89,47.55244755244755,0,25.0,43.66348022688509,MEDIUM,0
SYDr,Sydenham,LO,72941.1932179652,47.31934731934732,0,25.0,43.46515409940106,LOW,0
BAYu,Bayswater,LU,79290.2321428571,51.28205128205128,0,15.0,43.43342191900361,LOW,0
CRDu,Caledonian Road,LU,79138.8461538461,51.048951048951054,0,15.0,43.235095791519576,LOW,0
WDTr,West Drayton,EZL,75999.0793882363,48.95104895104895,0,20.0,43.151798817976285,LOW,0
GUNu,Gunnersbury,LU,79036.5607142857,50.815850815850816,0,15.0,43.03676966403554,LOW,0
RDGr,Reading,EZL,75201.5,48.484848484848484,0,20.0,42.75514656300821,LOW,0
HAFr,Heathrow Terminal 4 EL,EZL,74868.097985271,48.25174825174825,0,20.0,42.55682043552418,LOW,0
SWMu,South Wimbledon,LU,78032.8083333333,50.116550116550115,0,15.0,42.441791281583434,LOW,0
HDHr,Hampstead Heath,LO,69022.6071428571,45.68764568764569,0,25.0,42.076871207012815,LOW,0
ERBu,Edgware Road (Bak),LU,76324.5,49.65034965034965,0,15.0,42.04513902661537,LOW,0
QRPr,Queens Road Peckham,LO,68567.9613152413,45.45454545454545,0,25.0,41.87854507952878,LOW,0
KNRr,Kensal Rise,LO,68067.3681060215,45.22144522144522,0,25.0,41.68021895204475,LOW,0
HBTu,High Barnet,LU,76088.2873514353,49.184149184149184,0,15.0,41.6484867716473,LOW,0
EACu,East Acton,LU,75695.2811287532,48.717948717948715,0,15.0,41.251834516679224,LOW,0
HROr,Harold Wood,EZL,69403.2916666666,46.15384615384615,0,20.0,40.771885288167866,LOW,0
HPCu,Hyde Park Corner,LU,74065.9,48.01864801864802,0,15.0,40.65685613422713,LOW,0
BREr,Brentwood,EZL,69226.3255859976,45.92074592074592,0,20.0,40.57355916068383,LOW,0
HNEu,Hounslow East,LU,71128.5071428571,47.086247086247084,0,15.0,39.863551624290984,LOW,0
EPPu,Epping,LU,69829.8226622991,46.85314685314685,0,15.0,39.66522549680695,LOW,0
AMLr,Acton Main Line,EZL,67491.8404806494,44.75524475524475,0,20.0,39.581928523263656,LOW,0
CROd,Crossharbour,DLR,65008.8862499999,42.65734265734265,0,25.0,39.49863154972036,LOW,0
SBMu,Shepherd's Bush Market,LU,69781.6547619047,46.620046620046615,0,15.0,39.46689936932291,LOW,0
RAYu,Rayners Lane,LU,69626.7916666666,46.386946386946384,0,15.0,39.26857324183888,LOW,0
BOCd,Bow Church,DLR,64563.3473333333,42.19114219114219,0,25.0,39.10197929475229,LOW,0
HGGr,Haggerston,LO,63592.6428571428,41.49184149184149,0,25.0,38.507000912300185,LOW,0
NEPu,Newbury Park,LU,68008.3285714285,44.988344988344984,0,15.0,38.07861647693467,LOW,0
AGRu,Arnos Grove,LU,67464.9833333333,44.52214452214452,0,15.0,37.6819642219666,LOW,0
HTXu,Hatton Cross,LU,67066.5719696969,44.28904428904429,0,15.0,37.48363809448257,LOW,0
GFDu,Greenford,LU,67047.4583333333,44.05594405594406,0,15.0,37.285311966998535,LOW,0
STAu,Stanmore,LU,66675.3214285714,43.82284382284382,0,15.0,37.0869858395145,LOW,0
SNFr,Shenfield,EZL,63976.45,41.72494172494173,0,20.0,37.003688865971206,LOW,0
HNCu,Hounslow Central,LU,66531.1777777777,43.58974358974359,0,15.0,36.88865971203047,LOW,0
WSPu,Woodside Park,LU,66365.0700928664,43.35664335664335,0,15.0,36.69033358454642,LOW,0
NWPu,Northwick Park,LU,66109.3666666666,43.12354312354312,0,15.0,36.49200745706239,LOW,0
IMWr,Imperial Wharf,LO,59081.7660887567,38.92773892773892,0,25.0,36.3254135099758,LOW,0
DHLu,Dollis Hill,LU,65201.9545454545,42.89044289044289,0,15.0,36.29368132957836,LOW,0
WEAr,West Ealing,EZL,61978.8325013599,40.55944055944056,0,20.0,36.012058228551034,LOW,0
DEBd,Deptford Bridge,DLR,58811.3230288884,38.46153846153847,0,25.0,35.92876125500774,LOW,0
QBYu,Queensbury,LU,64688.6,42.42424242424242,0,15.0,35.89702907461029,LOW,0
SLVr,Silver Street,LO,58419.9773935717,38.22843822843823,0,25.0,35.730435127523705,LOW,0
HIPr,Highams Park,LO,57564.1692569876,37.995337995338,0,25.0,35.53210900003967,LOW,0
WARu,Warwick Avenue,LU,64321.6428571428,41.95804195804196,0,15.0,35.50037681964222,LOW,0
GDPr,Gidea Park,EZL,60314.9583333333,39.62703962703963,0,20.0,35.21875371861489,LOW,0
LANu,Lancaster Gate,LU,63394.5476190476,41.25874125874126,0,15.0,34.905398437190115,LOW,0
KEWu,Kew Gardens,LU,63211.9999999999,41.02564102564102,0,15.0,34.70707230970608,LOW,0
PDKd,Pontoon Dock,DLR,55803.5193333333,36.82983682983683,0,25.0,34.540478362619496,LOW,0
HAIu,Hainault,LU,62206.0944444444,40.79254079254079,0,15.0,34.50874618222205,LOW,0
TOGd,Tower Gateway,DLR,55666.9236666666,36.5967365967366,0,25.0,34.34215223513546,LOW,0
HACr,Hackney Downs,LO,55572.2740778977,36.36363636363637,0,25.0,34.14382610765143,LOW,0
MCRu,Mornington Crescent,LU,60869.6571428571,40.32634032634033,0,15.0,34.11209392725398,LOW,0
BECu,Becontree,LU,60845.2869047619,40.0932400932401,0,15.0,33.91376779976994,LOW,0
HPKu,Holland Park,LU,60624.5476190476,39.86013986013986,0,15.0,33.715441672285905,LOW,0
CNNr,Canonbury,LO,55409.5238095238,35.66433566433567,0,25.0,33.54884772519932,LOW,0
CHIr,Chingford,LO,55199.2687318553,35.43123543123543,0,25.0,33.350521597715286,LOW,0
HNWu,Hounslow West,LU,60226.6666666666,39.39393939393939,0,15.0,33.31878941731784,LOW,0
WIQd,West India Quay,DLR,55154.5306666666,35.1981351981352,0,25.0,33.15219547023125,LOW,0
HLNu,Hanger Lane,LU,59326.216076132,39.16083916083916,0,15.0,33.1204632898338,LOW,0
MDVu,Maida Vale,LU,58922.4999999999,38.6946386946387,0,15.0,32.72381103486573,LOW,0
ROVd,Royal Victoria,DLR,53549.6499999999,34.4988344988345,0,25.0,32.557217087779144,LOW,0
GPOr,Gospel Oak,LO,53445.5709653541,34.26573426573427,0,25.0,32.35889096029511,LOW,0
LTNu,Loughton,LU,57255.2833333333,37.76223776223776,0,15.0,31.93050652492959,LOW,0
KTWr,Kentish Town West,LO,53010.5037517462,33.56643356643357,0,25.0,31.763912577843005,LOW,0
KPKu,Kilburn Park,LU,56273.6126984127,37.52913752913753,0,15.0,31.732180397445557,LOW,0
HPAr,Honor Oak Park,LO,52131.4676547885,33.33333333333333,0,25.0,31.565586450358968,LOW,0
RCPu,Ravenscourt Park,LU,56047.1666666666,37.2960372960373,0,15.0,31.533854269961527,LOW,0
LAMu,Lambeth North,LU,56010.8095238095,37.06293706293706,0,15.0,31.335528142477486,LOW,0
NWXr,New Cross,LO,51402.8166666666,32.634032634032636,0,25.0,30.97060806790687,LOW,0
OLYu,Kensington (Olympia),LO,51153.463147168,32.400932400932405,0,25.0,30.772281940422836,LOW,0
HARu,Harlesden,LU,55510.2571428571,36.13053613053613,0,15.0,30.542223632541347,LOW,0
ENFr,Enfield Town,LO,50319.6860301891,31.934731934731936,0,25.0,30.375629685454765,LOW,0
DGEu,Dagenham East,LU,55507.7142857142,35.8974358974359,0,15.0,30.343897505057317,LOW,0
BSYr,Brondesbury,LO,50018.4779220779,31.7016317016317,0,25.0,30.177303557970724,LOW,0
DERd,Devons Road,DLR,49532.9492424242,31.23543123543124,0,25.0,29.78065130300266,LOW,0
NEAu,Neasden,LU,54265.3272727272,34.96503496503497,0,15.0,29.55059299512118,LOW,0
PMLd,Pudding Mill Lane,DLR,48703.8766666666,30.76923076923077,0,25.0,29.383999048034593,LOW,0
EPKu,Elm Park,LU,54229.5904761904,34.731934731934736,0,15.0,29.352266867637145,LOW,0
CPTr,Clapton,LO,48459.3711746704,30.536130536130536,0,25.0,29.185672920550555,LOW,0
ALPu,Alperton,LU,53281.25,34.032634032634036,0,15.0,28.75728848518504,LOW,0
WSId,West Silvertown,DLR,46982.67,29.836829836829835,0,25.0,28.59069453809845,LOW,0
NFDu,Northfields,LU,53028.1833333333,33.7995337995338,0,15.0,28.558962357701002,LOW,0
ISGd,Island Gardens,DLR,46827.7483333333,29.603729603729604,0,25.0,28.392368410614417,LOW,0
HANr,Hanwell,EZL,49725.2813231016,31.46853146853147,0,20.0,28.277339256673674,LOW,0
PINu,Pinner,LU,51961.7616150015,33.1002331002331,0,15.0,27.963983975248897,LOW,0
BNMr,Burnham,EZL,49121.5103711862,31.002331002331,0,20.0,27.880687001705606,LOW,0
PRDu,Preston Road,LU,51825.1309523809,32.86713286713287,0,15.0,27.765657847764864,LOW,0
FNYr,Finchley Road & Frognal,LO,46574.5391239179,28.671328671328673,0,25.0,27.599063900678278,LOW,0
SPKu,Stonebridge Park,LU,51061.175,32.16783216783217,0,15.0,27.17067946531276,LOW,0
WSTr,Wood Street,LO,45115.7849975797,27.27272727272727,0,25.0,26.40910713577406,LOW,0
WPEr,Wapping,LO,44098.2047619047,26.340326340326342,0,25.0,25.61580262583793,LOW,0
OAKu,Oakwood,LU,47428.45,30.303030303030305,0,15.0,25.58407044544048,LOW,0
SKWr,Stoke Newington,LO,43867.397716458,26.107226107226104,0,25.0,25.417476498353892,LOW,0
RPKu,Regent's Park,LU,47363.9523809523,30.069930069930066,0,15.0,25.385744317956444,LOW,0
BHKr,Bush Hill Park,LO,43848.3711982152,25.874125874125873,0,25.0,25.21915037086986,LOW,0
BSHr,Bushey,LO,42858.3917501023,25.64102564102564,0,25.0,25.02082424338582,LOW,0
STBu,Stamford Brook,LU,46666.0952380952,29.37062937062937,0,15.0,24.790765935504346,LOW,0
CIRr,Caledonian Road & Barnsbury,LO,42450.7806441909,25.174825174825177,0,25.0,24.624171988417753,LOW,0
ARLu,Arsenal,LU,46645.1499999999,29.13752913752914,0,15.0,24.592439808020313,LOW,0
CYPd,Cyprus,DLR,42422.9014999999,24.941724941724942,0,25.0,24.42584586093372,LOW,0
UPYu,Upney,LU,46583.675,28.904428904428904,0,15.0,24.394113680536275,LOW,0
CYPr,Crystal Palace,LO,41938.8333333333,24.475524475524477,0,25.0,24.029193605965656,LOW,0
SELu,South Ealing,LU,46002.375,28.438228438228435,0,15.0,23.997461425568204,LOW,0
BHLu,Buckhurst Hill,LU,45946.0587171392,28.205128205128204,0,15.0,23.79913529808417,LOW,0
BECd,Beckton,DLR,41721.0091666666,24.00932400932401,0,25.0,23.63254135099758,LOW,0
ROYu,Royal Oak,LU,45865.0874458874,27.972027972027973,0,15.0,23.600809170600137,LOW,0
CPKu,Canons Park,LU,45532.4,27.73892773892774,0,15.0,23.402483043116103,LOW,0
ETEu,Eastcote,LU,45414.1166666666,27.505827505827508,0,15.0,23.204156915632073,LOW,0
LOFr,London Fields,LO,40596.0563712352,23.310023310023308,0,25.0,23.037562968545476,LOW,0
NWDu,Northwood,LU,45016.3333333333,27.03962703962704,0,15.0,22.807504660663994,LOW,0
GARd,Gallions Reach,DLR,40374.2709999999,22.843822843822846,0,25.0,22.640910713577412,LOW,0
CHPu,Chiswick Park,LU,44992.5499999999,26.806526806526808,0,15.0,22.60917853317996,LOW,0
HRYr,Harringay Green Lanes,LO,40339.5315545704,22.61072261072261,0,25.0,22.44258458609337,LOW,0
LATu,Latimer Road,LU,44180.9535714285,26.573426573426573,0,15.0,22.410852405695927,LOW,0
SHRu,South Harrow,LU,42734.0333333333,25.407925407925408,0,15.0,21.41922176827575,LOW,0
LEMr,Leyton Midland Road,LO,38773.3729471263,21.21212121212121,0,25.0,21.25262782118916,LOW,0
RECr,Rectory Road,LO,38667.1300436969,20.97902097902098,0,25.0,21.05430169370513,LOW,0
REDu,Redbridge,LU,42381.2666666666,24.708624708624708,0,15.0,20.824243385823646,LOW,0
UHLr,Upper Holloway,LO,38441.1906371466,20.51282051282051,0,25.0,20.657649438737057,LOW,0
POPd,Poplar,DLR,37559.6592061616,20.27972027972028,0,25.0,20.459323311253026,LOW,0
TOTu,Totteridge & Whetstone,LU,41894.3333333333,24.242424242424242,0,15.0,20.42759113085558,LOW,0
WANu,Wanstead,LU,40716.7023809523,23.776223776223777,0,15.0,20.030938875887507,LOW,0
WHLr,White Hart Lane,LO,36911.3642857142,19.58041958041958,0,25.0,19.86434492880092,LOW,0
KGNu,Kensal Green,LU,40608.1,23.543123543123542,0,15.0,19.832612748403474,LOW,0
STOr,South Tottenham,LO,36789.5650280191,19.34731934731935,0,25.0,19.666018801316888,LOW,0
DEBu,Debden,LU,40587.7142857142,23.076923076923077,0,15.0,19.435960493435402,LOW,0
ALSd,All Saints,DLR,35814.52,18.88111888111888,0,25.0,19.269366546348817,LOW,0
ECMu,Ealing Common,LU,39614.9166666666,22.377622377622377,0,15.0,18.840982110983298,LOW,0
WMPu,Wimbledon Park,LU,39456.0047619047,22.144522144522146,0,15.0,18.642655983499264,LOW,0
AMEu,Amersham,LU,39024.0833333333,21.91142191142191,0,15.0,18.444329856015234,LOW,0
LNYr,Langley,EZL,37260.7852321407,19.813519813519815,0,20.0,18.361032882471935,LOW,0
GHRu,Goldhawk Road,LU,38955.4952380952,21.678321678321677,0,15.0,18.246003728531193,LOW,0
SNBu,Snaresbrook,LU,38904.2165692888,21.445221445221446,0,15.0,18.04767760104716,LOW,0
MUDd,Mudchute,DLR,33981.5233333333,17.016317016317018,0,25.0,17.682757526476543,LOW,0
BETr,Bethnal Green LO,LO,33960.8557083588,16.783216783216783,0,25.0,17.484431398992502,LOW,0
RKYu,Rickmansworth,LU,38520.3214285714,20.745920745920746,0,15.0,17.452699218595054,LOW,0
CBHr,Cambridge Heath,LO,33754.275109072,16.317016317016318,0,25.0,17.087779144024438,LOW,0
WNPr,Wanstead Park,LO,33587.6972499862,16.083916083916083,0,25.0,16.889453016540397,LOW,0
BTXu,Brent Cross,LU,37415.75,20.04662004662005,0,15.0,16.857720836142956,LOW,0
PRRd,Prince Regent,DLR,32958.4412499999,15.384615384615385,0,25.0,16.2944746340883,LOW,0
STLd,Star Lane,DLR,32080.0386666666,15.151515151515152,0,25.0,16.09614850660426,LOW,0
PERu,Perivale,LU,36184.5,19.114219114219114,0,15.0,16.064416326206814,LOW,0
SJSr,St James Street,LO,31730.2666666666,14.918414918414918,0,25.0,15.897822379120226,LOW,0
ACCr,Acton Central,LO,31667.8333333333,14.685314685314685,0,25.0,15.699496251636194,LOW,0
KETu,Kenton,LU,35485.3809523809,18.64801864801865,0,15.0,15.667764071238746,LOW,0
ROEr,Rotherhithe,LO,31327.7809523809,14.452214452214452,0,25.0,15.501170124152154,LOW,0
PRYu,Park Royal,LU,35263.4166666666,18.414918414918414,0,15.0,15.469437943754707,LOW,0
HRFu,Heathrow Terminal 4 LU,LU,35227.55,18.181818181818183,0,15.0,15.271111816270674,LOW,0
KGVd,King George V,DLR,30904.37,13.986013986013987,0,25.0,15.10451786918409,LOW,0
OSTu,Osterley,LU,35146.9666666666,17.94871794871795,0,15.0,15.072785688786642,LOW,0
SHLu,Sudbury Hill,LU,34933.0,17.715617715617714,0,15.0,14.874459561302602,LOW,0
WATu,Watford,LU,34889.375,17.482517482517483,0,15.0,14.676133433818569,LOW,0
STNu,Sudbury Town,LU,34278.0857142857,17.24941724941725,0,15.0,14.477807306334537,LOW,0
ROAd,Royal Albert,DLR,30111.1125,12.82051282051282,0,25.0,14.112887231763912,LOW,0
WMWr,Walthamstow Queen's Road,LO,29924.796913336,12.587412587412588,0,25.0,13.91456110427988,LOW,0
HCHu,Hornchurch,LU,33881.619047619,16.55011655011655,0,15.0,13.882828923882432,LOW,0
BLAd,Blackwall,DLR,29559.9103333333,12.354312354312354,0,25.0,13.716234976795846,LOW,0
MHEu,Mill Hill East,LU,33263.8603987774,15.85081585081585,0,15.0,13.287850541430327,LOW,0
SRPu,South Ruislip,LU,33258.9083333333,15.61771561771562,0,15.0,13.089524413946293,LOW,0
CLPr,Clapham High Street,LO,28583.850448012,10.955710955710956,0,25.0,12.526278211891634,LOW,0
LERr,Leytonstone High Road,LO,28568.0776490145,10.722610722610723,0,25.0,12.3279520844076,LOW,0
ELRd,Elverson Road,DLR,28043.211,10.256410256410255,0,25.0,11.93129982943953,LOW,0
CLFu,Chalfont & Latimer,LU,31149.9326389265,14.219114219114218,0,15.0,11.899567649042083,LOW,0
CPKr,Carpenders Park,LO,27425.1855151818,9.79020979020979,0,25.0,11.53464757447146,LOW,0
RUIu,Ruislip,LU,30670.3,13.752913752913754,0,15.0,11.502915394074018,LOW,0
WFHr,Watford High Street,LO,26505.7999999999,9.557109557109557,0,25.0,11.336321446987425,LOW,0
NHRu,North Harrow,LU,30470.9499999999,13.51981351981352,0,15.0,11.304589266589979,LOW,0
ABRd,Abbey Road,DLR,26278.7816666666,9.324009324009324,0,25.0,11.137995319503393,LOW,0
WRPu,West Ruislip,LU,30404.9995483094,13.286713286713287,0,15.0,11.106263139105947,LOW,0
BCVr,Bruce Grove,LO,26007.1666666666,9.090909090909092,0,25.0,10.939669192019359,LOW,0
CFSu,Cockfosters,LU,30151.019047619,13.053613053613052,0,15.0,10.90793701162191,LOW,0
BSPr,Brondesbury Park,LO,25762.2564069279,8.624708624708624,0,25.0,10.543016937051288,LOW,0
ANYr,Anerley,LO,24786.1494850165,8.158508158508159,0,25.0,10.146364682083219,LOW,0
HDNu,Hillingdon,LU,29472.4999999999,12.121212121212121,0,15.0,10.114632501685772,LOW,0
CHNr,Cheshunt,LO,24600.5870792738,7.925407925407925,0,25.0,9.948038554599183,LOW,0
BOSu,Boston Manor,LU,29237.6666666666,11.888111888111888,0,15.0,9.916306374201737,LOW,0
SHSd,Stratford High Street,DLR,24282.5683333333,7.6923076923076925,0,25.0,9.74971242711515,LOW,0
RUMu,Ruislip Manor,LU,29126.75,11.655011655011654,0,15.0,9.717980246717703,LOW,0
CRHr,Crouch Hill,LO,23460.114123805,7.459207459207459,0,25.0,9.551386299631114,LOW,0
NWHu,Northwood Hills,LU,28825.5333333333,11.421911421911423,0,15.0,9.51965411923367,LOW,0
TURr,Turkey Street,LO,23214.4383574537,7.226107226107226,0,25.0,9.353060172147078,LOW,0
CWDu,Chorleywood,LU,28665.379533811,11.188811188811188,0,15.0,9.321327991749632,LOW,0
WGRr,Woodgrange Park,LO,21581.1397962349,6.75990675990676,0,25.0,8.956407917179009,LOW,0
SBUr,Southbury,LO,21532.1357142857,6.526806526806526,0,25.0,8.758081789694973,LOW,0
NWBu,North Wembley,LU,28487.3,10.48951048951049,0,15.0,8.726349609297529,LOW,0
SMHr,Stamford Hill,LO,20913.2628903515,6.0606060606060606,0,25.0,8.361429534726907,LOW,0
WFYu,West Finchley,LU,28037.1071428571,10.023310023310025,0,15.0,8.32969735432946,LOW,0
BGVr,Barking Riverside,LO,20863.6715833333,5.827505827505827,0,25.0,8.16310340724287,LOW,0
SATr,South Acton,LO,20379.9770046292,5.594405594405594,0,25.0,7.9647772797588345,LOW,0
BDEu,Barkingside,LU,25813.6428571428,8.857808857808857,0,15.0,7.338066716909284,LOW,0
WHRu,West Harrow,LU,25085.4564409286,8.391608391608392,0,15.0,6.941414461941216,LOW,0
PNWr,Penge West,LO,16987.8389738297,3.7296037296037294,0,25.0,6.378168259886557,LOW,0
KBNr,Kilburn High Road,LO,15559.6666666666,3.4965034965034967,0,25.0,6.179842132402523,LOW,0
WWRr,Wandsworth Road,LO,15313.6216864834,3.263403263403263,0,25.0,5.981516004918487,LOW,0
WACu,West Acton,LU,22800.2,6.993006993006993,0,15.0,5.751457697037008,LOW,0
HTEr,Hatch End,LO,15078.7798129641,2.564102564102564,0,25.0,5.386537622466384,LOW,0
TEOr,Theobalds Grove,LO,14992.25,2.331002331002331,0,25.0,5.188211494982349,LOW,0
CHMu,Chesham,LU,20996.4166666666,6.293706293706294,0,15.0,5.156479314584903,LOW,0
TAPr,Taplow,EZL,17604.670064019,4.195804195804196,0,20.0,5.07318234104161,LOW,0
SOHr,South Hampstead,LO,10942.3963943544,1.6317016317016315,0,25.0,4.593233112530244,LOW,0
BEPd,Beckton Park,DLR,10480.8316666666,1.3986013986013985,0,25.0,4.39490698504621,LOW,0
SKTu,South Kenton,LU,20290.0234506733,5.361305361305361,0,15.0,4.363174804648765,LOW,0
HDLr,Headstone Lane,LO,10210.6166666666,1.1655011655011656,0,25.0,4.196580857562175,LOW,0
FLPu,Fairlop,LU,19731.6666666666,5.128205128205128,0,15.0,4.16484867716473,LOW,0
CRXu,Croxley,LU,18440.8333333333,4.895104895104895,0,15.0,3.9665225496806946,LOW,0
EMPr,Emerson Park,LO,6722.45434572109,0.6993006993006993,0,25.0,3.799928602594106,LOW,0
ICKu,Ickenham,LU,17895.5833333333,4.662004662004662,0,15.0,3.7681964221966604,LOW,0
RUGu,Ruislip Gardens,LU,17689.75,4.428904428904429,0,15.0,3.5698702947126244,LOW,0
MPKu,Moor Park,LU,17124.7499999999,3.9627039627039626,0,15.0,3.1732180397445555,LOW,0
IVRr,Iver,EZL,11364.9810238935,1.8648018648018647,0,20.0,3.089921066201262,LOW,0
UPBu,Upminster Bridge,LU,15208.6969696969,3.0303030303030303,0,15.0,2.3799135298084177,LOW,0
THBu,Theydon Bois,LU,15196.0333333333,2.797202797202797,0,15.0,2.1815874023243818,LOW,0
NELu,North Ealing,LU,12803.4999999999,2.097902097902098,0,15.0,1.5866090198722786,LOW,0
GRHu,Grange Hill,LU,7239.5,0.9324009324009324,0,15.0,0.5949783824521049,LOW,0
CHGu,Chigwell,LU,6311.56666666666,0.4662004662004662,0,15.0,0.1983261274840352,LOW,0
RODu,Roding Valley,LU,3537.37499999999,0.2331002331002331,0,15.0,0.0,LOW,0
